Nazov,Url,Cena
Lubrikaèní gel Lust Glide & Ride warming - høejivý 150 ml,/22674-lubrikacni-gel-lust-glide-ride-warming-hrejivy-150-ml.html,269 Kè
Lubrikaèní gel Lona - základní,/23361-lubrikacni-gel-lona-zakladni.html,119 Kè
Lubrikaèní gel lona - dezinfekèní,/23349-lubrikacni-gel-lona-dezinfekcni.html,119 Kè
Lubrikaèní gel Lona-jahoda,/23357-lubrikacni-gel-lona-jahoda.html,119 Kè
Pjur Woman lubrikaèní gel - Bodyglide 100 ml,/22556-pjur-woman-lubrikacni-gel-bodyglide-100-ml.html,364 Kè
Masážní gel a lubrikant v jednom - Lick-it Schoko 100 ml,/22675-masazni-gel-a-lubrikant-v-jednom-lick-it-schoko-100-ml.html,242 Kè
Masážní gel a lubrikant v jednom - Lick-it Vanille 100 ml,/22661-masazni-gel-a-lubrikant-v-jednom-lick-it-vanille-100-ml.html,242 Kè
Joydivision fresh FRUITS Sweet Cherry - Tøešòoví lubrikaèní gel 15…,/22658-joydivision-fresh-fruits-sweet-cherry-tresnovi-lubrikacni-gel-150ml.html,269 Kè
Durex Play Cherry - lubrikaèní gel s pøíchutí tøešní 50 ml,/22662-durex-play-cherry-lubrikacni-gel-s-prichuti-tresni-50-ml.html,161 Kè
Durex Play Sweet Strawberry - lubrikaèní gel s pøíchutí jahod 50 ml,/22667-durex-play-sweet-strawberry-lubrikacni-gel-s-prichuti-jahod-50-ml.html,161 Kè
Durex Play Gleitgel + Pflege - lubrikaèní gel s Aloe Vera 50 ml,/22664-durex-play-gleitgel-pflege-lubrikacni-gel-s-aloe-vera-50-ml.html,161 Kè
Flutschi Das Original lubrikaèní gel 50 ml,/22660-flutschi-das-original-lubrikacni-gel-50-ml.html,152 Kè
Just Glide Wasserbasierend - lubrikaèní gel na vodní bázi 50 ml,/22668-just-glide-wasserbasierend-lubrikacni-gel-na-vodni-bazi-50-ml.html,89 Kè
Just Glide Wasserbasierend - lubrikaèní gel na vodní bázi 200 ml,/22673-just-glide-wasserbasierend-lubrikacni-gel-na-vodni-bazi-200-ml.html,170 Kè
Just Glide mit Erdbeer Aroma - lubrikaèní gel s jahodovým aroma 50…,/22676-just-glide-mit-erdbeer-aroma-lubrikacni-gel-s-jahodovym-aroma-50-ml.html,89 Kè
Fifty Shades of Grey Lubrikaèní gel Anal 100 ml,/23179-fifty-shades-of-grey-lubrikacni-gel-anal-100-ml.html,242 Kè
Fifty Shades of Grey - Lubrikaèní gel Silk 100 ml,/22827-fifty-shades-of-grey-lubrikacni-gel-silk-100-ml.html,269 Kè
Swede Fruity Love Bodyjam vodní meloun 150 ml,/22974-swede-fruity-love-bodyjam-vodni-meloun-150-ml.html,440 Kè
Swede Fruity Love Bodyjam malina a grepfruit 150 ml,/22975-swede-fruity-love-bodyjam-malina-a-grepfruit-150-ml.html,440 Kè
Lubrikaèní gel na vodní bázi H2O JO Tangerine - mandarinka 150 ml,/22123-lubrikacni-gel-na-vodni-bazi-h2o-jo-tangerine-mandarinka-150-ml.html,305 Kè
Lubrikaèní gel na vodní bázi H2O JO Peach - broskev 150 ml,/22130-lubrikacni-gel-na-vodni-bazi-h2o-jo-peach-broskev-150-ml.html,305 Kè
Lubrikaèní gel na vodní bázi H2O JO Strawberry - jahoda 150 ml,/22159-lubrikacni-gel-na-vodni-bazi-h2o-jo-strawberry-jahoda-150-ml.html,305 Kè
Lubrikaèní gel na vodní bázi H2O JO Chocolate - èokoláda 150 ml,/22170-lubrikacni-gel-na-vodni-bazi-h2o-jo-chocolate-cokolada-150-ml.html,305 Kè
